[
  {
    "type": "constructor",
    "stateMutability": "nonpayable",
    "inputs": [
      {
        "name": "_name",
        "type": "string",
        "internalType": "string"
      },
      {
        "type": "string",
        "internalType": "string",
        "name": "_symbol"
      },
      {
        "type": "uint256",
        "name": "cap_",
        "internalType": "uint256"
      },
      {
        "internalType": "uint256",
        "name": "_manualMintLimit",
        "type": "uint256"
      },
      {
        "name": "_lockFromBlock",
        "internalType": "uint256",
        "type": "uint256"
      },
      {
        "name": "_lockToBlock",
        "internalType": "uint256",
        "type": "uint256"
      }
    ]
  },
  {
    "anonymous": false,
    "type": "event",
    "inputs": [
      {
        "name": "owner",
        "indexed": true,
        "type": "address",
        "internalType": "address"
      },
      {
        "type": "address",
        "indexed": true,
        "internalType": "address",
        "name": "spender"
      },
      {
        "name": "value",
        "indexed": false,
        "internalType": "uint256",
        "type": "uint256"
      }
    ],
    "name": "Approval"
  },
  {
    "inputs": [
      {
        "name": "delegator",
        "indexed": true,
        "internalType": "address",
        "type": "address"
      },
      {
        "name": "fromDelegate",
        "type": "address",
        "internalType": "address",
        "indexed": true
      },
      {
        "name": "toDelegate",
        "type": "address",
        "indexed": true,
        "internalType": "address"
      }
    ],
    "anonymous": false,
    "name": "DelegateChanged",
    "type": "event"
  },
  {
    "inputs": [
      {
        "name": "delegate",
        "indexed": true,
        "type": "address",
        "internalType": "address"
      },
      {
        "type": "uint256",
        "indexed": false,
        "internalType": "uint256",
        "name": "previousBalance"
      },
      {
        "name": "newBalance",
        "indexed": false,
        "internalType": "uint256",
        "type": "uint256"
      }
    ],
    "type": "event",
    "name": "DelegateVotesChanged",
    "anonymous": false
  },
  {
    "type": "event",
    "name": "Lock",
    "anonymous": false,
    "inputs": [
      {
        "indexed": true,
        "name": "to",
        "type": "address",
        "internalType": "address"
      },
      {
        "indexed": false,
        "internalType": "uint256",
        "type": "uint256",
        "name": "value"
      }
    ]
  },
  {
    "anonymous": false,
    "name": "MaxTransferAmountRateUpdated",
    "inputs": [
      {
        "indexed": false,
        "type": "uint256",
        "internalType": "uint256",
        "name": "previousRate"
      },
      {
        "internalType": "uint256",
        "indexed": false,
        "name": "newRate",
        "type": "uint256"
      }
    ],
    "type": "event"
  },
  {
    "anonymous": false,
    "inputs": [
      {
        "name": "previousOwner",
        "indexed": true,
        "internalType": "address",
        "type": "address"
      },
      {
        "type": "address",
        "name": "newOwner",
        "internalType": "address",
        "indexed": true
      }
    ],
    "name": "OwnershipTransferred",
    "type": "event"
  },
  {
    "inputs": [
      {
        "internalType": "address",
        "name": "from",
        "type": "address",
        "indexed": true
      },
      {
        "name": "to",
        "internalType": "address",
        "type": "address",
        "indexed": true
      },
      {
        "name": "value",
        "indexed": false,
        "type": "uint256",
        "internalType": "uint256"
      }
    ],
    "name": "Transfer",
    "type": "event",
    "anonymous": false
  },
  {
    "anonymous": false,
    "name": "Unlock",
    "inputs": [
      {
        "internalType": "address",
        "name": "to",
        "type": "address",
        "indexed": true
      },
      {
        "type": "uint256",
        "internalType": "uint256",
        "indexed": false,
        "name": "value"
      }
    ],
    "type": "event"
  },
  {
    "name": "DELEGATION_TYPEHASH",
    "inputs": [],
    "stateMutability": "view",
    "outputs": [
      {
        "name": "",
        "type": "bytes32",
        "internalType": "bytes32"
      }
    ],
    "type": "function",
    "constant": true,
    "signature": "0xe7a324dc"
  },
  {
    "stateMutability": "view",
    "name": "DOMAIN_TYPEHASH",
    "type": "function",
    "outputs": [
      {
        "name": "",
        "type": "bytes32",
        "internalType": "bytes32"
      }
    ],
    "inputs": [],
    "constant": true,
    "signature": "0x20606b70"
  },
  {
    "outputs": [],
    "type": "function",
    "stateMutability": "nonpayable",
    "inputs": [
      {
        "internalType": "address",
        "name": "_toAdd",
        "type": "address"
      }
    ],
    "name": "addAuthorized"
  },
  {
    "name": "allowance",
    "inputs": [
      {
        "name": "owner",
        "internalType": "address",
        "type": "address"
      },
      {
        "name": "spender",
        "type": "address",
        "internalType": "address"
      }
    ],
    "outputs": [
      {
        "type": "uint256",
        "internalType": "uint256",
        "name": ""
      }
    ],
    "type": "function",
    "stateMutability": "view"
  },
  {
    "outputs": [
      {
        "internalType": "bool",
        "name": "",
        "type": "bool"
      }
    ],
    "type": "function",
    "inputs": [
      {
        "internalType": "address",
        "name": "spender",
        "type": "address"
      },
      {
        "internalType": "uint256",
        "name": "amount",
        "type": "uint256"
      }
    ],
    "name": "approve",
    "stateMutability": "nonpayable"
  },
  {
    "type": "function",
    "stateMutability": "view",
    "outputs": [
      {
        "internalType": "bool",
        "type": "bool",
        "name": ""
      }
    ],
    "inputs": [
      {
        "name": "",
        "type": "address",
        "internalType": "address"
      }
    ],
    "name": "authorized"
  },
  {
    "stateMutability": "view",
    "inputs": [
      {
        "type": "address",
        "name": "account",
        "internalType": "address"
      }
    ],
    "type": "function",
    "name": "balanceOf",
    "outputs": [
      {
        "type": "uint256",
        "name": "",
        "internalType": "uint256"
      }
    ]
  },
  {
    "type": "function",
    "name": "checkpoints",
    "stateMutability": "view",
    "inputs": [
      {
        "name": "",
        "type": "address",
        "internalType": "address"
      },
      {
        "internalType": "uint32",
        "name": "",
        "type": "uint32"
      }
    ],
    "outputs": [
      {
        "name": "fromBlock",
        "internalType": "uint32",
        "type": "uint32"
      },
      {
        "internalType": "uint256",
        "type": "uint256",
        "name": "votes"
      }
    ]
  },
  {
    "name": "decimals",
    "type": "function",
    "stateMutability": "view",
    "outputs": [
      {
        "name": "",
        "type": "uint8",
        "internalType": "uint8"
      }
    ],
    "inputs": [],
    "constant": true,
    "signature": "0x313ce567"
  },
  {
    "type": "function",
    "name": "decreaseAllowance",
    "inputs": [
      {
        "internalType": "address",
        "name": "spender",
        "type": "address"
      },
      {
        "internalType": "uint256",
        "name": "subtractedValue",
        "type": "uint256"
      }
    ],
    "outputs": [
      {
        "internalType": "bool",
        "name": "",
        "type": "bool"
      }
    ],
    "stateMutability": "nonpayable"
  },
  {
    "name": "increaseAllowance",
    "type": "function",
    "stateMutability": "nonpayable",
    "inputs": [
      {
        "name": "spender",
        "type": "address",
        "internalType": "address"
      },
      {
        "internalType": "uint256",
        "name": "addedValue",
        "type": "uint256"
      }
    ],
    "outputs": [
      {
        "type": "bool",
        "internalType": "bool",
        "name": ""
      }
    ]
  },
  {
    "type": "function",
    "name": "lockFromBlock",
    "stateMutability": "view",
    "inputs": [],
    "outputs": [
      {
        "type": "uint256",
        "internalType": "uint256",
        "name": ""
      }
    ],
    "constant": true,
    "signature": "0x66fc237b"
  },
  {
    "name": "lockToBlock",
    "type": "function",
    "stateMutability": "view",
    "inputs": [],
    "outputs": [
      {
        "name": "",
        "type": "uint256",
        "internalType": "uint256"
      }
    ],
    "constant": true,
    "signature": "0x8e875e1a"
  },
  {
    "name": "manualMintLimit",
    "outputs": [
      {
        "internalType": "uint256",
        "type": "uint256",
        "name": ""
      }
    ],
    "inputs": [],
    "type": "function",
    "stateMutability": "view",
    "constant": true,
    "signature": "0xf85b84a4"
  },
  {
    "type": "function",
    "outputs": [
      {
        "internalType": "uint256",
        "type": "uint256",
        "name": ""
      }
    ],
    "inputs": [],
    "name": "manualMinted",
    "stateMutability": "view",
    "constant": true,
    "signature": "0xe6b2fb4a"
  },
  {
    "inputs": [],
    "outputs": [
      {
        "type": "uint16",
        "internalType": "uint16",
        "name": ""
      }
    ],
    "type": "function",
    "stateMutability": "view",
    "name": "maxTransferAmountRate",
    "constant": true,
    "signature": "0x3ff8bf2e"
  },
  {
    "name": "miner",
    "type": "function",
    "stateMutability": "view",
    "inputs": [],
    "outputs": [
      {
        "internalType": "address",
        "type": "address",
        "name": ""
      }
    ],
    "constant": true,
    "signature": "0x349dc329"
  },
  {
    "name": "name",
    "stateMutability": "view",
    "type": "function",
    "inputs": [],
    "outputs": [
      {
        "name": "",
        "internalType": "string",
        "type": "string"
      }
    ],
    "constant": true,
    "signature": "0x06fdde03"
  },
  {
    "type": "function",
    "stateMutability": "view",
    "outputs": [
      {
        "type": "uint256",
        "name": "",
        "internalType": "uint256"
      }
    ],
    "inputs": [
      {
        "name": "",
        "type": "address",
        "internalType": "address"
      }
    ],
    "name": "nonces"
  },
  {
    "stateMutability": "view",
    "name": "numCheckpoints",
    "type": "function",
    "outputs": [
      {
        "type": "uint32",
        "name": "",
        "internalType": "uint32"
      }
    ],
    "inputs": [
      {
        "internalType": "address",
        "name": "",
        "type": "address"
      }
    ]
  },
  {
    "type": "function",
    "inputs": [],
    "outputs": [
      {
        "internalType": "address",
        "name": "",
        "type": "address"
      }
    ],
    "stateMutability": "view",
    "name": "owner",
    "constant": true,
    "signature": "0x8da5cb5b"
  },
  {
    "name": "profileAgeReq",
    "type": "function",
    "stateMutability": "view",
    "inputs": [],
    "outputs": [
      {
        "name": "",
        "type": "uint64",
        "internalType": "uint64"
      }
    ],
    "constant": true,
    "signature": "0x1bc52835"
  },
  {
    "inputs": [],
    "name": "profilesContract",
    "stateMutability": "view",
    "outputs": [
      {
        "name": "",
        "internalType": "contract IProfiles",
        "type": "address"
      }
    ],
    "type": "function",
    "constant": true,
    "signature": "0x06428f02"
  },
  {
    "stateMutability": "nonpayable",
    "name": "removeAuthorized",
    "type": "function",
    "inputs": [
      {
        "type": "address",
        "internalType": "address",
        "name": "_toRemove"
      }
    ],
    "outputs": []
  },
  {
    "name": "renounceOwnership",
    "inputs": [],
    "stateMutability": "nonpayable",
    "type": "function",
    "outputs": []
  },
  {
    "inputs": [],
    "outputs": [
      {
        "type": "string",
        "name": "",
        "internalType": "string"
      }
    ],
    "stateMutability": "view",
    "name": "symbol",
    "type": "function",
    "constant": true,
    "signature": "0x95d89b41"
  },
  {
    "name": "totalSupply",
    "type": "function",
    "inputs": [],
    "stateMutability": "view",
    "outputs": [
      {
        "name": "",
        "type": "uint256",
        "internalType": "uint256"
      }
    ],
    "constant": true,
    "signature": "0x18160ddd"
  },
  {
    "type": "function",
    "stateMutability": "nonpayable",
    "inputs": [
      {
        "name": "recipient",
        "type": "address",
        "internalType": "address"
      },
      {
        "internalType": "uint256",
        "type": "uint256",
        "name": "amount"
      }
    ],
    "name": "transfer",
    "outputs": [
      {
        "internalType": "bool",
        "name": "",
        "type": "bool"
      }
    ]
  },
  {
    "stateMutability": "nonpayable",
    "outputs": [
      {
        "name": "",
        "internalType": "bool",
        "type": "bool"
      }
    ],
    "type": "function",
    "name": "transferFrom",
    "inputs": [
      {
        "name": "sender",
        "type": "address",
        "internalType": "address"
      },
      {
        "name": "recipient",
        "internalType": "address",
        "type": "address"
      },
      {
        "internalType": "uint256",
        "type": "uint256",
        "name": "amount"
      }
    ]
  },
  {
    "outputs": [],
    "name": "transferOwnership",
    "type": "function",
    "inputs": [
      {
        "name": "newOwner",
        "type": "address",
        "internalType": "address"
      }
    ],
    "stateMutability": "nonpayable"
  },
  {
    "stateMutability": "view",
    "name": "cap",
    "type": "function",
    "inputs": [],
    "outputs": [
      {
        "name": "",
        "type": "uint256",
        "internalType": "uint256"
      }
    ],
    "constant": true,
    "signature": "0x355274ea"
  },
  {
    "inputs": [
      {
        "name": "_newCap",
        "type": "uint256",
        "internalType": "uint256"
      }
    ],
    "name": "capUpdate",
    "outputs": [],
    "stateMutability": "nonpayable",
    "type": "function"
  },
  {
    "inputs": [
      {
        "internalType": "address",
        "name": "_profilesAddress",
        "type": "address"
      }
    ],
    "stateMutability": "nonpayable",
    "name": "setProfiles",
    "type": "function",
    "outputs": [
      {
        "name": "success",
        "type": "bool",
        "internalType": "bool"
      }
    ]
  },
  {
    "inputs": [
      {
        "type": "uint64",
        "name": "_age",
        "internalType": "uint64"
      }
    ],
    "type": "function",
    "name": "setProfileAgeReq",
    "stateMutability": "nonpayable",
    "outputs": [
      {
        "internalType": "bool",
        "name": "success",
        "type": "bool"
      }
    ]
  },
  {
    "stateMutability": "nonpayable",
    "inputs": [
      {
        "type": "uint256",
        "name": "_newLockFrom",
        "internalType": "uint256"
      }
    ],
    "outputs": [],
    "type": "function",
    "name": "lockFromUpdate"
  },
  {
    "inputs": [
      {
        "type": "uint256",
        "name": "_newLockTo",
        "internalType": "uint256"
      }
    ],
    "outputs": [],
    "name": "lockToUpdate",
    "type": "function",
    "stateMutability": "nonpayable"
  },
  {
    "name": "unlockedSupply",
    "type": "function",
    "outputs": [
      {
        "type": "uint256",
        "internalType": "uint256",
        "name": ""
      }
    ],
    "stateMutability": "view",
    "inputs": [],
    "constant": true,
    "signature": "0xfd3d27b8"
  },
  {
    "name": "lockedSupply",
    "type": "function",
    "stateMutability": "view",
    "inputs": [],
    "outputs": [
      {
        "name": "",
        "internalType": "uint256",
        "type": "uint256"
      }
    ],
    "constant": true,
    "signature": "0xca5c7b91"
  },
  {
    "inputs": [],
    "type": "function",
    "outputs": [
      {
        "name": "",
        "internalType": "uint256",
        "type": "uint256"
      }
    ],
    "name": "circulatingSupply",
    "stateMutability": "view",
    "constant": true,
    "signature": "0x9358928b"
  },
  {
    "outputs": [
      {
        "name": "",
        "type": "uint256",
        "internalType": "uint256"
      }
    ],
    "inputs": [],
    "name": "totalLock",
    "type": "function",
    "stateMutability": "view",
    "constant": true,
    "signature": "0x3a1aae35"
  },
  {
    "stateMutability": "nonpayable",
    "name": "mint",
    "inputs": [
      {
        "name": "_to",
        "type": "address",
        "internalType": "address"
      },
      {
        "internalType": "uint256",
        "name": "_amount",
        "type": "uint256"
      }
    ],
    "type": "function",
    "outputs": []
  },
  {
    "name": "manualMint",
    "stateMutability": "nonpayable",
    "outputs": [],
    "type": "function",
    "inputs": [
      {
        "type": "address",
        "name": "_to",
        "internalType": "address"
      },
      {
        "type": "uint256",
        "internalType": "uint256",
        "name": "_amount"
      }
    ]
  },
  {
    "inputs": [
      {
        "type": "address",
        "internalType": "address",
        "name": "_holder"
      }
    ],
    "stateMutability": "view",
    "name": "totalBalanceOf",
    "type": "function",
    "outputs": [
      {
        "name": "",
        "type": "uint256",
        "internalType": "uint256"
      }
    ]
  },
  {
    "inputs": [
      {
        "name": "_holder",
        "internalType": "address",
        "type": "address"
      }
    ],
    "type": "function",
    "outputs": [
      {
        "type": "uint256",
        "internalType": "uint256",
        "name": ""
      }
    ],
    "name": "lockOf",
    "stateMutability": "view"
  },
  {
    "name": "lastUnlockBlock",
    "stateMutability": "view",
    "type": "function",
    "inputs": [
      {
        "name": "_holder",
        "type": "address",
        "internalType": "address"
      }
    ],
    "outputs": [
      {
        "type": "uint256",
        "internalType": "uint256",
        "name": ""
      }
    ]
  },
  {
    "name": "lock",
    "type": "function",
    "inputs": [
      {
        "internalType": "address",
        "name": "_holder",
        "type": "address"
      },
      {
        "internalType": "uint256",
        "type": "uint256",
        "name": "_amount"
      }
    ],
    "outputs": [],
    "stateMutability": "nonpayable"
  },
  {
    "outputs": [
      {
        "internalType": "uint256",
        "name": "",
        "type": "uint256"
      }
    ],
    "type": "function",
    "stateMutability": "view",
    "inputs": [
      {
        "internalType": "address",
        "type": "address",
        "name": "_holder"
      }
    ],
    "name": "canUnlockAmount"
  },
  {
    "name": "unlockForUser",
    "type": "function",
    "inputs": [
      {
        "internalType": "address",
        "name": "account",
        "type": "address"
      },
      {
        "internalType": "uint256",
        "name": "amount",
        "type": "uint256"
      }
    ],
    "outputs": [],
    "stateMutability": "nonpayable"
  },
  {
    "name": "unlock",
    "inputs": [],
    "stateMutability": "nonpayable",
    "type": "function",
    "outputs": []
  },
  {
    "stateMutability": "nonpayable",
    "name": "transferAll",
    "inputs": [
      {
        "name": "_to",
        "internalType": "address",
        "type": "address"
      }
    ],
    "outputs": [],
    "type": "function"
  },
  {
    "outputs": [
      {
        "type": "address",
        "internalType": "address",
        "name": ""
      }
    ],
    "inputs": [
      {
        "type": "address",
        "name": "delegator",
        "internalType": "address"
      }
    ],
    "name": "delegates",
    "type": "function",
    "stateMutability": "view"
  },
  {
    "stateMutability": "nonpayable",
    "inputs": [
      {
        "name": "delegatee",
        "type": "address",
        "internalType": "address"
      }
    ],
    "type": "function",
    "outputs": [],
    "name": "delegate"
  },
  {
    "stateMutability": "nonpayable",
    "name": "delegateBySig",
    "inputs": [
      {
        "internalType": "address",
        "name": "delegatee",
        "type": "address"
      },
      {
        "name": "nonce",
        "type": "uint256",
        "internalType": "uint256"
      },
      {
        "internalType": "uint256",
        "name": "expiry",
        "type": "uint256"
      },
      {
        "name": "v",
        "internalType": "uint8",
        "type": "uint8"
      },
      {
        "internalType": "bytes32",
        "name": "r",
        "type": "bytes32"
      },
      {
        "type": "bytes32",
        "internalType": "bytes32",
        "name": "s"
      }
    ],
    "type": "function",
    "outputs": []
  },
  {
    "outputs": [
      {
        "name": "",
        "type": "uint256",
        "internalType": "uint256"
      }
    ],
    "name": "getCurrentVotes",
    "stateMutability": "view",
    "type": "function",
    "inputs": [
      {
        "name": "account",
        "type": "address",
        "internalType": "address"
      }
    ]
  },
  {
    "inputs": [
      {
        "type": "address",
        "internalType": "address",
        "name": "account"
      },
      {
        "name": "blockNumber",
        "internalType": "uint256",
        "type": "uint256"
      }
    ],
    "type": "function",
    "stateMutability": "view",
    "name": "getPriorVotes",
    "outputs": [
      {
        "type": "uint256",
        "name": "",
        "internalType": "uint256"
      }
    ]
  },
  {
    "inputs": [
      {
        "internalType": "uint16",
        "name": "_maxTransferAmountRate",
        "type": "uint16"
      }
    ],
    "stateMutability": "nonpayable",
    "type": "function",
    "outputs": [],
    "name": "updateMaxTransferAmountRate"
  },
  {
    "type": "function",
    "inputs": [],
    "name": "maxTransferAmount",
    "stateMutability": "view",
    "outputs": [
      {
        "name": "",
        "internalType": "uint256",
        "type": "uint256"
      }
    ],
    "constant": true,
    "signature": "0xa9e75723"
  },
  {
    "inputs": [
      {
        "type": "address",
        "internalType": "address",
        "name": "_account"
      },
      {
        "type": "bool",
        "internalType": "bool",
        "name": "_excluded"
      }
    ],
    "name": "setExcludedFromAntiWhale",
    "stateMutability": "nonpayable",
    "type": "function",
    "outputs": []
  }
]